coin_id,date,cg_sentiment_up_pct,cg_sentiment_down_pct,cg_twitter_followers,cg_reddit_subscribers,cg_reddit_posts_48h,cg_reddit_comments_48h,cg_telegram_users,cg_alexa_rank
doge,2025-11-30,73.08,26.92,,0,0.0,0.0,,
shib,2025-11-30,73.68,26.32,,0,0.0,0.0,94957.0,
pepe,2025-11-30,68.42,31.58,,0,0.0,0.0,94142.0,
bonk,2025-11-30,73.33,26.67,,0,0.0,0.0,,
floki,2025-11-30,80.0,20.0,,0,0.0,0.0,73946.0,
bome,2025-11-30,50.0,50.0,,0,0.0,0.0,34290.0,
mog,2025-11-30,90.91,9.09,,0,0.0,0.0,16140.0,
popcat,2025-11-30,55.56,44.44,,0,0.0,0.0,18986.0,
brett,2025-11-30,,,,0,0.0,0.0,1994.0,
